2019 Social Accounting Matrix for Papua New Guinea,Code,amaiz,arice,aocer,apuls,aoils,aroot,avege,asugr,afrui,acoff,aocrp,acatt,apoul,aoliv,afore,afish,amine,afood,abeve,atext,awood,achem,anmet,ametl,amach,aoman,aelec,awatr,acons,atrad,atran,ahotl,acomm,afsrv,areal,absrv,apadm,aeduc,aheal,aosrv,cmaiz,crice,cocer,cpuls,coils,croot,cvege,csugr,ctoba,cfrui,ccoff,cocrp,ccatt,cpoul,coliv,cfore,cfish,cmine,cfood,cbeve,ctext,cwood,cchem,cnmet,cmetl,cmach,coman,celec,cwatr,ccons,ctrad,ctran,chotl,ccomm,cfsrv,creal,cbsrv,cpadm,ceduc,cheal,cosrv,trc,flab-n,flab-p,flab-s,flnd,fcap,ent,hhd-r1,hhd-r2,hhd-r3,hhd-r4,hhd-r5,hhd-u1,hhd-u2,hhd-u3,hhd-u4,hhd-u5,gov,dtax,etax,ftax,mtax,stax,s-i,dstk,row,total
Activities - Maize,amaiz,,,,,,,,,,,,,,,,,,,,,,,,,,,,,,,,,,,,,,,,,52,,,,,,,,,,,,,,,,,,,,,,,,,,,,,,,,,,,,,,,,,,,,,,,,5,9,17,28,15,0,0,0,1,2,,,,,,,,,,129
Activities - Rice,arice,,,,,,,,,,,,,,,,,,,,,,,,,,,,,,,,,,,,,,,,,,8,,,,,,,,,,,,,,,,,,,,,,,,,,,,,,,,,,,,,,,,,,,,,,,,,,,,,,,,,,,,,,,,,,8
Activities - Other cereals,aocer,,,,,,,,,,,,,,,,,,,,,,,,,,,,,,,,,,,,,,,,,,,5,,,,,,,,,,,,,,,,,,,,,,,,,,,,,,,,,,,,,,,,,,,,,,,,,,,,,,,,,,,,,,,,,5
Activities - Pulses,apuls,,,,,,,,,,,,,,,,,,,,,,,,,,,,,,,,,,,,,,,,,,,,15,,,,,,,,,,,,,,,,,,,,,,,,,,,,,,,,,,,,,,,,,,,,,5,11,14,12,7,0,,0,0,0,,,,,,,,,,64
Activities - Oilseeds,aoils,,,,,,,,,,,,,,,,,,,,,,,,,,,,,,,,,,,,,,,,,,,,,"1,331",,,,,,,,,,,,,,,,,,,,,,,,,,,,,,,,,,,,,,,,,,,,39,114,209,337,496,0,2,2,11,20,,,,,,,,,,"2,562"
Activities - Roots,aroot,,,,,,,,,,,,,,,,,,,,,,,,,,,,,,,,,,,,,,,,,,,,,,540,,,,,,,,,,,,,,,,,,,,,,,,,,,,,,,,,,,,,,,,,,,277,529,576,882,"1,050",1,4,11,25,54,,,,,,,,,,"3,949"
Activities - Vegetables,avege,,,,,,,,,,,,,,,,,,,,,,,,,,,,,,,,,,,,,,,,,,,,,,,414,,,,,,,,,,,,,,,,,,,,,,,,,,,,,,,,,,,,,,,,,,80,216,231,309,279,0,2,4,9,45,,,,,,,,,,"1,589"
Activities - Sugarcane,asugr,,,,,,,,,,,,,,,,,,,,,,,,,,,,,,,,,,,,,,,,,,,,,,,,51,,,,,,,,,,,,,,,,,,,,,,,,,,,,,,,,,,,,,,,,,,,,,,,,,,,,,,,,,,,,51
Activities - Fruits and nuts,afrui,,,,,,,,,,,,,,,,,,,,,,,,,,,,,,,,,,,,,,,,,,,,,,,,,,"1,166",,,,,,,,,,,,,,,,,,,,,,,,,,,,,,,,,,,,,,,72,207,307,490,490,0,2,6,14,26,,,,,,,,,,"2,780"
"Activities - Coffee, tea and cocoa",acoff,,,,,,,,,,,,,,,,,,,,,,,,,,,,,,,,,,,,,,,,,,,,,,,,,,,"1,009",,,,,,,,,,,,,,,,,,,,,,,,,,,,,,,,,,,,,,,,,,0,,,,0,0,,,,,,,,,,"1,009"
Activities - Other crops,aocrp,,,,,,,,,,,,,,,,,,,,,,,,,,,,,,,,,,,,,,,,,,,,,,,,,,,,210,,,,,,,,,,,,,,,,,,,,,,,,,,,,,,,,,,,,,5,11,21,30,81,0,0,0,1,4,,,,,,,,,,364
Activities - Cattle and raw milk,acatt,,,,,,,,,,,,,,,,,,,,,,,,,,,,,,,,,,,,,,,,,,,,,,,,,,,,,238,,,,,,,,,,,,,,,,,,,,,,,,,,,,,,,,,,,,,0,1,,0,,,0,0,2,,,,,,,,,,242
Activities - Poultry and eggs,apoul,,,,,,,,,,,,,,,,,,,,,,,,,,,,,,,,,,,,,,,,,,,,,,,,,,,,,,711,,,,,,,,,,,,,,,,,,,,,,,,,,,,,,,,,,,1,3,6,5,7,0,0,0,1,4,,,,,,,,,,738
Activities - Other livestock,aoliv,,,,,,,,,,,,,,,,,,,,,,,,,,,,,,,,,,,,,,,,,,,,,,,,,,,,,,,294,,,,,,,,,,,,,,,,,,,,,,,,,,,,,,,,,,7,23,32,68,728,0,0,0,1,19,,,,,,,,,,"1,174"
Activities - Forestry,afore,,,,,,,,,,,,,,,,,,,,,,,,,,,,,,,,,,,,,,,,,,,,,,,,,,,,,,,,"3,009",,,,,,,,,,,,,,,,,,,,,,,,,,,,,,,,,,,,,,,,,,,,,,,,,,,,"3,009"
Activities - Fisheries,afish,,,,,,,,,,,,,,,,,,,,,,,,,,,,,,,,,,,,,,,,,,,,,,,,,,,,,,,,,"1,086",,,,,,,,,,,,,,,,,,,,,,,,,,,,,,,,27,121,201,377,525,1,1,6,15,90,,,,,,,,,,"2,449"
Activities - Mining,amine,,,,,,,,,,,,,,,,,,,,,,,,,,,,,,,,,,,,,,,,,,,,,,,,,,,,,,,,,,"38,565",,,,,,,,,,,,,,,,,,,,,,,,,,,,,,,,,,,,,,,,,,,,,,,,,,"38,565"
Activities - Processed foods,afood,,,,,,,,,,,,,,,,,,,,,,,,,,,,,,,,,,,,,,,,,,,,,,,,,,,,,,,,,,,"4,165",,,,,,,,,,,,,,,,,,,,,,,,,,,,,,,,,,,,,,,,,,,,,,,,,"4,165"
Activities - Beverage and tobacco,abeve,,,,,,,,,,,,,,,,,,,,,,,,,,,,,,,,,,,,,,,,,,,,,,,,,,,,,,,,,,,,96,,,,,,,,,,,,,,,,,,,,,,,,,,,,,,,,,,,,,,,,,,,,,,,,96
"Activities - Textiles, clothing and footwear",atext,,,,,,,,,,,,,,,,,,,,,,,,,,,,,,,,,,,,,,,,,,,,,,,,,,,,,,,,,,,,,155,,,,,,,,,,,,,,,,,,,,,,,,,,,,,,,,,,,,,,,,,,,,,,,155
Activities - Wood and paper products,awood,,,,,,,,,,,,,,,,,,,,,,,,,,,,,,,,,,,,,,,,,,,,,,,,,,,,,,,,,,,,,,324,,,,,,,,,,,,,,,,,,,,,,,,,,,,,,,,,,,,,,,,,,,,,,324
Activities - Chemicals and petroleum,achem,,,,,,,,,,,,,,,,,,,,,,,,,,,,,,,,,,,,,,,,,,,,,,,,,,,,,,,,,,,,,,,157,,,,,,,,,,,,,,,,,,,,,,,,,,,,,,,,,,,,,,,,,,,,,157
Activities - Non-metal minerals,anmet,,,,,,,,,,,,,,,,,,,,,,,,,,,,,,,,,,,,,,,,,,,,,,,,,,,,,,,,,,,,,,,,61,,,,,,,,,,,,,,,,,,,,,,,,,,,,,,,,,,,,,,,,,,,,61
Activities - Metals and metal products,ametl,,,,,,,,,,,,,,,,,,,,,,,,,,,,,,,,,,,,,,,,,,,,,,,,,,,,,,,,,,,,,,,,,186,,,,,,,,,,,,,,,,,,,,,,,,,,,,,,,,,,,,,,,,,,,186
"Activities - Machinery, equipment and vehicles",amach,,,,,,,,,,,,,,,,,,,,,,,,,,,,,,,,,,,,,,,,,,,,,,,,,,,,,,,,,,,,,,,,,,497,,,,,,,,,,,,,,,,,,,,,,,,,,,,,,,,,,,,,,,,,,497
Activities - Other manufacturing,aoman,,,,,,,,,,,,,,,,,,,,,,,,,,,,,,,,,,,,,,,,,,,,,,,,,,,,,,,,,,,,,,,,,,,155,,,,,,,,,,,,,,,,,,,,,,,,,,,,,,,,,,,,,,,,,155
"Activities - Electricity, gas and steam",aelec,,,,,,,,,,,,,,,,,,,,,,,,,,,,,,,,,,,,,,,,,,,,,,,,,,,,,,,,,,,,,,,,,,,,"1,322",,,,,,,,,,,,,,,,,,,,,,,,,,,,,,,,,,,,,,,,"1,322"
Activities - Water supply and sewage,awatr,,,,,,,,,,,,,,,,,,,,,,,,,,,,,,,,,,,,,,,,,,,,,,,,,,,,,,,,,,,,,,,,,,,,,324,,,,,,,,,,,,,,,,,,,,,,,,,,,,,,,,,,,,,,,324
Activities - Construction,acons,,,,,,,,,,,,,,,,,,,,,,,,,,,,,,,,,,,,,,,,,,,,,,,,,,,,,,,,,,,,,,,,,,,,,,"6,739",,,,,,,,,,,,,,,,,,,,,,,,,,,,,,,,,,,,,,"6,739"
Activities - Wholesale and retail trade,atrad,,,,,,,,,,,,,,,,,,,,,,,,,,,,,,,,,,,,,,,,,,,,,,,,,,,,,,,,,,,,,,,,,,,,,,,"10,678",,,,,,,,,,,,,,,,,,,,,,,,,,,,,,,,,,,,,"10,678"
Activities - Transportation and storage,atran,,,,,,,,,,,,,,,,,,,,,,,,,,,,,,,,,,,,,,,,,,,,,,,,,,,,,,,,,,,,,,,,,,,,,,,,"8,823",,,,,,,,,,,,,,,,,,,,,,,,,,,,,,,,,,,,"8,823"
Activities - Accommodation and food services,ahotl,,,,,,,,,,,,,,,,,,,,,,,,,,,,,,,,,,,,,,,,,,,,,,,,,,,,,,,,,,,,,,,,,,,,,,,,,"2,359",,,,,,,,,,,,,,,,,,,,,,,,,,,,,,,,,,,"2,359"
Activities - Information and communication,acomm,,,,,,,,,,,,,,,,,,,,,,,,,,,,,,,,,,,,,,,,,,,,,,,,,,,,,,,,,,,,,,,,,,,,,,,,,,"5,395",,,,,,,,,,,,,,,,,,,,,,,,,,,,,,,,,,"5,395"
Activities - Finance and insurance,afsrv,,,,,,,,,,,,,,,,,,,,,,,,,,,,,,,,,,,,,,,,,,,,,,,,,,,,,,,,,,,,,,,,,,,,,,,,,,,"3,408",,,,,,,,,,,,,,,,,,,,,,,,,,,,,,,,,"3,408"
Activities - Real estate activities,areal,,,,,,,,,,,,,,,,,,,,,,,,,,,,,,,,,,,,,,,,,,,,,,,,,,,,,,,,,,,,,,,,,,,,,,,,,,,,"3,450",,,,,,,,,,,,,,,,,,,,,,,,,,,,,,,,"3,450"
Activities - Business services,absrv,,,,,,,,,,,,,,,,,,,,,,,,,,,,,,,,,,,,,,,,,,,,,,,,,,,,,,,,,,,,,,,,,,,,,,,,,,,,,"9,733",,,,,,,,,,,,,,,,,,,,,,,,,,,,,,,"9,733"
Activities - Public administration,apadm,,,,,,,,,,,,,,,,,,,,,,,,,,,,,,,,,,,,,,,,,,,,,,,,,,,,,,,,,,,,,,,,,,,,,,,,,,,,,,"7,642",,,,,,,,,,,,,,,,,,,,,,,,,,,,,,"7,642"
Activities - Education,aeduc,,,,,,,,,,,,,,,,,,,,,,,,,,,,,,,,,,,,,,,,,,,,,,,,,,,,,,,,,,,,,,,,,,,,,,,,,,,,,,,"2,830",,,,,,,,,,,,,,,,,,,,,,,,,,,,,"2,830"
Activities - Health and social work,aheal,,,,,,,,,,,,,,,,,,,,,,,,,,,,,,,,,,,,,,,,,,,,,,,,,,,,,,,,,,,,,,,,,,,,,,,,,,,,,,,,"2,046",,,,,,,,,,,,,,,,,,,,,,,,,,,,"2,046"
Activities - Other services,aosrv,,,,,,,,,,,,,,,,,,,,,,,,,,,,,,,,,,,,,,,,,,,,,,,,,,,,,,,,,,,,,,,,,,,,,,,,,,,,,,,,,"1,495",,,,,,,,,,,,,,,,,,,,,,,,,,,"1,495"
Commodities - Maize,cmaiz,6,,,,,,,,,,,0,4,10,,,,6,,,,,,,,,,,,,,5,,,,,13,,0,6,,,,,,,,,,,,,,,,,,,,,,,,,,,,,,,,,,,,,,,,,,,,,,,,,0,1,1,2,3,1,1,0,1,2,,,,,,,,,,63
Commodities - Rice,crice,,1,,,,,,,,,,,0,1,,,,11,,,,,,,,,,,,,,,,,,,7,,,6,,,,,,,,,,,,,,,,,,,,,,,,,,,,,,,,,,,,,,,,,,,,,,,,,,,,,,,,,,,,,,,,,,,,25
Commodities - Other cereals,cocer,,,0,,,,,,,,,,1,3,,,,39,,,,,,,,,,,,,,,,,,,,,,,,,,,,,,,,,,,,,,,,,,,,,,,,,,,,,,,,,,,,,,,,,,,,,,,,,,,,,,,,,,,,,,,,,,44
Commodities - Pulses,cpuls,,,,9,,,,,,,,,,,,,,,,,,,,,,,,,,,,,,,,,,,,,,,,,,,,,,,,,,,,,,,,,,,,,,,,,,,,,,,,,,,,,,,,,,,,,0,2,1,1,1,1,1,0,1,2,,,,,,,,,,18
Commodities - Oilseeds,coils,,,,,126,,,,,,,,,,,,,844,0,,,,,,,0,,,,,,,,,,,,,,2,,,,,,,,,,,,,,,,,,,,,,,,,,,,,,,,,,,,,,,,,,,,,,,,,39,64,71,136,192,9,14,16,56,84,,,,,,,,,6,"1,659"
Commodities - Roots,croot,,,,,,185,,,,,,0,0,0,,,,2,,,,,,,,,,,,,,2,,,,,,,,1,,,,,,,,,,,,,,,,,,,,,,,,,,,,,,,,,,,,,,,,,,,,,,,,,34,55,56,76,136,10,18,15,46,61,,,,,,,,,,697
Commodities - Vegetables,cvege,,,,,,,76,,,,,,,,,,,36,,,,,,,0,,,1,,,,8,2,,,,,,0,1,,,,,,,,,,,,,,,,,,,,,,,,,,,,,,,,,,,,,,,,,,,,,,,,,24,41,56,60,70,8,12,20,65,126,,,,,,,,,,607
Commodities - Sugarcane,csugr,,,,,,,,3,,,,0,1,2,,,,2,,,,,,,,,,,,,,,,,,,,,,,,,,,,,,,,,,,,,,,,,,,,,,,,,,,,,,,,,,,,,,,,,,,,,,,1,0,2,6,2,16,16,0,0,0,,,,,,,,,,53
Commodities - Tobacco,ctoba,,,,,,,,,,,,,,,,,,,15,,,,,,,,,,,,,,,,,,,,,,,,,,,,,,,,,,,,,,,,,,,,,,,,,,,,,,,,,,,,,,,,,,,,,,,,,,,,,,,,,,,,,,,,,15
Commodities - Fruits and nuts,cfrui,,,,,,,,,132,,,,,,,,,21,2,,,,,,,,,,,,,8,,,,,,,1,4,,,,,,,,,,,,,,,,,,,,,,,,,,,,,,,,,,,,,,,,,,,,,,,,,59,95,117,149,565,13,15,15,49,75,,,,,,,,,38,"1,357"
"Commodities - Coffee, tea and cocoa",ccoff,,,,,,,,,,50,,,,,,,,51,1,,,0,,,,,,,,,,,,,,,,,,,,,,,,,,,,,,,,,,,,,,,,,,,,,,,,,,,,,,,,,,,,,,,,,,,42,47,28,81,133,7,7,6,17,46,,,,,,,,,541,"1,057"
Commodities - Other crops,cocrp,,,,,,,,,,,95,0,2,5,,,,1,0,,,17,,,,,,1,,,,10,,,,,8,,,3,,,,,,,,,,,,,,,,,,,,,,,,,,,,,,,,,,,,,,,,,,,,,,,,,1,2,4,9,10,1,1,2,8,14,,,,,,,,,93,287
Commodities - Cattle and raw milk,ccatt,,,,,,,,,,,,1,0,0,,,,12,,,,0,,,,,,,,,,2,,,,,43,0,0,10,,,,,,,,,,,,,,,,,,,,,,,,,,,,,,,,,,,,,,,,,,,,,,,,,0,0,1,3,1,4,4,1,6,132,,,,,,,73,17,,311
Commodities - Poultry and eggs,cpoul,,,,,,,,,,,,1,3,4,,,,7,,,,,,,,,,,,,,,,,,,,,,,,,,,,,,,,,,,,,,,,,,,,,,,,,,,,,,,,,,,,,,,,,,,,,,,5,41,82,149,203,11,17,51,171,234,,,,,,,,,,979
Commodities - Other livestock,coliv,,,,,,,,,,,,,1,4,,,,,,,,,,,,,,,,,,,,,,,,,,,,,,,,,,,,,,,,,,,,,,,,,,,,,,,,,,,,,,,,,,,,,,,,,,,3,19,17,53,178,3,5,10,24,56,,,,,,,,,17,391
Commodities - Forestry,cfore,,,,,,,,,,,,,,,"1,518",,788,1,0,0,57,28,11,2,4,21,,,,,,,,,,,,,,22,,,,,,,,,,,,,,,,,,,,,,,,,,,,,,,,,,,,,,,,,,,,,,,,,2,3,3,4,2,5,8,7,14,12,,,,,,,,,827,"3,338"
Commodities - Fisheries,cfish,,,,,,,,,,,,,0,,,873,,308,,,,,,,,,,,,,,11,,,,,7,8,2,15,,,,,,,,,,,,,,,,,,,,,,,,,,,,,,,,,,,,,,,,,,,,,,,,,2,11,20,58,72,5,9,13,51,57,,,,,,,1,0,6,"1,530"
Commodities - Mining,cmine,,,,,,,,,,,,,0,,2,1,"10,880",0,0,0,0,0,13,82,4,4,1,3,272,,9,325,1,,,,5,5,0,1,,,,,,,,,,,,,,,,,,,,,,,,,,,,,,,,,,,,,,,,,,,,,,,,,,,,,,,,,,,,,,,,,0,0,"34,749","46,360"
Commodities - Processed foods,cfood,,,,,,,,,,,,48,210,149,12,,53,437,11,1,,,5,10,27,3,,2,,38,20,94,22,7,,3,23,7,23,21,,,,,,,,,,,,,,,,,,,,,,,,,,,,,,,,,,,,,,,,,,,,,,,,,212,530,666,"1,348","5,023",25,154,340,"1,035","2,790",21,,,,,,0,0,721,"14,090"
Commodities - Beverage and tobacco,cbeve,,,,,,,,,,,,,,,,,,2,5,,,,,,,,,,,,,,,,,,,,,,,,,,,,,,,,,,,,,,,,,,,,,,,,,,,,,,,,,,,,,,,,,,,,,,10,43,55,125,216,2,9,34,113,221,,,,,,,,,13,849
"Commodities - Textiles, clothing and footwear",ctext,,,,,,,,,,,,,,,,,18,0,0,21,0,,0,0,1,0,,1,,,2,1,,1,,,23,8,1,3,,,,,,,,,,,,,,,,,,,,,,,,,,,,,,,,,,,,,,,,,,,,,,,,,10,21,40,162,241,0,3,30,106,139,,,,,,,15,1,8,857
Commodities - Wood and paper products,cwood,,,,,,,,,,,,,,,,,11,1,1,0,46,0,1,3,13,15,,1,40,,,31,42,6,8,7,71,13,1,8,,,,,,,,,,,,,,,,,,,,,,,,,,,,,,,,,,,,,,,,,,,,,,,,,1,3,10,27,42,0,1,7,28,51,,,,,,,7,0,49,546
Commodities - Chemicals and petroleum,cchem,6,4,0,3,215,307,121,3,206,56,138,1,3,6,,,,26,2,0,,,,,0,0,,0,,,,,,,,,,,0,0,,,,,,,,,,,,,,,,,,,,,,,,,,,,,,,,,,,,,,,,,,,,,,,,,74,142,178,299,603,7,20,45,173,507,0,,,,,,,,80,"3,224"
Commodities - Non-metal minerals,cnmet,,,,,,,,,,,,,,,,,,,,0,,,0,0,2,0,,1,31,,,5,,,,,3,5,,,,,,,,,,,,,,,,,,,,,,,,,,,,,,,,,,,,,,,,,,,,,,,,,,,,6,9,22,60,,1,6,13,15,0,,,,,,2,0,3,185
Commodities - Metals and metal products,cmetl,,,,,,,,,,,,,,,,,,,,,,,,,13,,,,,,,,,,,,,,,,,,,,,,,,,,,,,,,,,,,,,,,,,,,,,,,,,,,,,,,,,,,,,,,,3,4,4,10,28,,0,1,3,5,,,,,,,,,"4,427","4,500"
"Commodities - Machinery, equipment and vehicles",cmach,,,,,,,,,,,,0,0,0,,,,13,1,0,,0,,,15,0,,0,8,,2,,1,1,,,,,,0,,,,,,,,,,,,,,,,,,,,,,,,,,,,,,,,,,,,,,,,,,,,,,,,,53,206,379,776,"2,630",19,71,181,642,"2,585",,,,,,,4,0,273,"7,861"
Commodities - Other manufacturing,coman,,,,,,,,,,,,,,,,,,3,0,0,9,,0,0,16,4,,0,24,,2,15,,5,2,,19,2,6,5,,,,,,,,,,,,,,,,,,,,,,,,,,,,,,,,,,,,,,,,,,,,,,,,,21,31,42,74,113,3,7,14,44,72,,,,,,,71,5,23,631
"Commodities - Electricity, gas and steam",celec,,,,,,,,,,,,0,0,0,,,,12,1,,,,,,,,522,1,8,15,6,1,,12,,,215,14,4,38,,,,,,,,,,,,,,,,,,,,,,,,,,,,,,,,,,,,,,,,,,,,,,,,,3,8,10,14,68,6,19,58,153,217,,,,,,,0,0,,"1,404"
Commodities - Water supply and sewage,cwatr,,,,,,1,,,,,,0,0,0,,,,2,0,,,,0,0,0,0,,40,,,,3,,1,,,11,1,2,18,,,,,,,,,,,,,,,,,,,,,,,,,,,,,,,,,,,,,,,,,,,,,,,,,,1,5,7,7,3,14,23,89,110,13,,,,,,,,,350
Commodities - Construction,ccons,,,,,,,,,,,,0,1,1,,,811,0,,,,,,,0,0,5,27,259,,,44,5,28,167,,165,59,4,22,,,,,,,,,,,,,,,,,,,,,,,,,,,,,,,,,,,,,,,,,,,,,,,,,2,19,6,14,80,1,5,28,14,586,,,,,,,"6,046",370,124,"8,893"
Commodities - Wholesale and retail trade,ctrad,,,,,,,,,,,,13,57,46,524,246,783,326,9,50,81,42,10,25,221,43,53,33,310,454,546,303,255,25,10,11,191,91,100,69,,,,,,,,,,,,,,,,,,,,,,,,,,,,,,,,,,,,,,,,,,"6,117",,,,,,,,,,,,,,,,,5,,,,,,50,3,,"11,105"
Commodities - Transportation and storage,ctran,,,,,,,,,,,,0,0,1,58,26,875,8,2,12,13,13,1,3,35,6,12,40,"1,780",383,"2,052",34,55,116,168,"1,036","1,041",120,87,24,,,,,,,,,,,,,,,,,,,,,,,,,,,,,,,,,,,,,,,,,,"4,324",,,,,,,21,81,95,181,251,1,9,31,108,198,,,,,,,,,62,"13,365"
Commodities - Accommodation and food services,chotl,,,,,,,,,,,,,0,0,1,0,,4,1,0,0,0,0,0,1,0,1,3,2,,352,5,3,7,,2,132,47,28,34,,,,,,,,,,,,,,,,,,,,,,,,,,,,,,,,,,,,,,,,,,,,,,,,,29,91,97,255,305,4,19,70,230,399,925,,,,,,2,0,14,"3,065"
Commodities - Information and communication,ccomm,,,,,,,,,,,,,0,0,0,11,142,31,6,0,1,0,0,0,0,0,7,3,1,"1,651",5,0,"3,392",71,,3,147,20,7,22,,,,,,,,,,,,,,,,,,,,,,,,,,,,,,,,,,,,,,,,,,,,,,,,,1,5,7,22,48,0,1,7,28,54,30,,,,,,26,2,,"5,751"
Commodities - Finance and insurance,cfsrv,,,,,,,,,,,,1,1,3,1,15,270,34,1,,,,,,0,,53,4,,324,2,2,1,104,,41,132,15,39,184,,,,,,,,,,,,,,,,,,,,,,,,,,,,,,,,,,,,,,,,,,,,,,,,,0,1,3,9,20,1,8,4,16,64,"1,443",,,,,,0,0,838,"3,634"
Commodities - Real estate activities,creal,,,,,,,,,,,,,,,,,,0,,,,,,,,,,1,,,12,12,,43,11,,320,84,10,291,,,,,,,,,,,,,,,,,,,,,,,,,,,,,,,,,,,,,,,,,,,,,,,,,131,146,149,194,"1,487",11,31,52,179,299,,,,,,,,,,"3,462"
Commodities - Business services,cbsrv,,,,,,,,,,,,0,1,1,0,3,56,7,1,0,0,0,0,0,0,0,82,7,19,33,"2,604",0,8,270,,125,"1,058",124,67,16,,,,,,,,,,,,,,,,,,,,,,,,,,,,,,,,,,,,,,,,,,,,,,,,,,,,,,,,,,,"5,593",,,,,,40,2,552,"10,670"
Commodities - Public administration,cpadm,,,,,,,,,,,,,,,,,,2,,12,0,4,1,1,6,0,10,29,74,12,755,3,204,12,46,95,39,9,23,4,,,,,,,,,,,,,,,,,,,,,,,,,,,,,,,,,,,,,,,,,,,,,,,,,,,0,2,26,,,1,0,12,"6,442",,,,,,1,0,153,"7,979"
Commodities - Education,ceduc,,,,,,,,,,,,,,,,,,0,,0,0,,,,0,,0,,,,3,,,18,,,25,25,7,1,,,,,,,,,,,,,,,,,,,,,,,,,,,,,,,,,,,,,,,,,,,,,,,,,5,1,2,41,164,,1,3,29,121,"2,460",,,,,,0,0,,"2,909"
Commodities - Health and social work,cheal,,,,,,,,,,,,,,,,23,4,1,0,0,0,,,,3,0,,1,,,3,1,1,6,,,4,4,19,11,,,,,,,,,,,,,,,,,,,,,,,,,,,,,,,,,,,,,,,,,,,,,,,,,1,3,1,4,6,0,0,1,8,23,"1,993",,,,,,0,0,,"2,122"
Commodities - Other services,cosrv,,,,,,,,,,,,,0,0,1,49,,,,0,0,0,0,0,0,0,0,9,1,9,435,19,69,4,,,34,6,4,115,,,,,,,,,,,,,,,,,,,,,,,,,,,,,,,,,,,,,,,,,,,,,,,,,19,63,91,160,62,1,4,17,30,189,85,,,,,,34,2,3,"1,516"
Transaction costs,trc,,,,,,,,,,,,,,,,,,,,,,,,,,,,,,,,,,,,,,,,,5,1,1,3,318,157,167,1,0,140,43,65,72,259,85,281,444,"4,286","2,463",212,82,42,239,6,193,470,78,55,20,254,,,,,,,,,,,,,,,,,,,,,,,,,,,,,,,,,,,,,,"10,441"
Factors - Labor - Low (not finished primary schooling),flab-n,33,1,1,15,610,966,386,13,333,107,19,27,63,138,81,137,727,48,2,3,6,3,1,4,8,4,20,3,224,441,110,47,39,74,30,247,125,64,28,43,,,,,,,,,,,,,,,,,,,,,,,,,,,,,,,,,,,,,,,,,,,,,,,,,,,,,,,,,,,,,,,,,,,,"5,229"
"Factors - Labor - Medium (finished primary, but not finished secondary schooling)",flab-p,24,1,1,11,440,698,278,9,240,77,14,20,46,100,58,44,523,49,2,3,6,3,1,4,8,3,19,3,212,566,126,20,17,32,13,106,153,78,35,39,,,,,,,,,,,,,,,,,,,,,,,,,,,,,,,,,,,,,,,,,,,,,,,,,,,,,,,,,,,,,,,,,,,,"4,080"
Factors - Labor - High (finished secondary and/or tertiary schooling),flab-s,27,1,1,12,501,794,317,10,273,88,15,22,52,113,66,59,"5,115",335,13,16,30,17,6,22,40,18,101,13,"1,120","1,203",477,381,314,597,240,"1,997","3,193","1,633",727,225,,,,,,,,,,,,,,,,,,,,,,,,,,,,,,,,,,,,,,,,,,,,,,,,,,,,,,,,,,,,,,,,,,,21,"20,207"
Factors - Agricultural land,flnd,22,1,1,10,444,665,274,9,"1,356",542,65,,,,,,,,,,,,,,,,,,,,,,,,,,,,,,,,,,,,,,,,,,,,,,,,,,,,,,,,,,,,,,,,,,,,,,,,,,,,,,,,,,,,,,,,,,,,,,,,,"3,389"
Factors - Capital,fcap,11,0,0,5,226,334,137,5,240,90,18,107,290,585,685,963,"17,509","1,478",19,35,74,29,11,28,79,32,435,97,"2,352","5,548","1,300",967,965,"1,969","2,755","6,058",434,387,820,232,,,,,,,,,,,,,,,,,,,,,,,,,,,,,,,,,,,,,,,,,,,,,,,,,,,,,,,,,,,,,,,,,,,211,"47,524"
Enterprises,ent,,,,,,,,,,,,,,,,,,,,,,,,,,,,,,,,,,,,,,,,,,,,,,,,,,,,,,,,,,,,,,,,,,,,,,,,,,,,,,,,,,,,,,,"40,341",,,,,,,,,,,,"1,799",,,,,,,,217,"42,357"
Households - Rural (quintile 1),hhd-r1,,,,,,,,,,,,,,,,,,,,,,,,,,,,,,,,,,,,,,,,,,,,,,,,,,,,,,,,,,,,,,,,,,,,,,,,,,,,,,,,,,,656,246,351,14,34,47,,,,,,,,,,,,,,,,,,,0,"1,348"
Households - Rural (quintile 2),hhd-r2,,,,,,,,,,,,,,,,,,,,,,,,,,,,,,,,,,,,,,,,,,,,,,,,,,,,,,,,,,,,,,,,,,,,,,,,,,,,,,,,,,,684,487,778,151,213,815,,,,,,,,,,,,,,,,,,,0,"3,127"
Households - Rural (quintile 3),hhd-r3,,,,,,,,,,,,,,,,,,,,,,,,,,,,,,,,,,,,,,,,,,,,,,,,,,,,,,,,,,,,,,,,,,,,,,,,,,,,,,,,,,,779,575,"1,299",254,334,901,,,,,,,,,,,,,,,,,,,0,"4,141"
Households - Rural (quintile 4),hhd-r4,,,,,,,,,,,,,,,,,,,,,,,,,,,,,,,,,,,,,,,,,,,,,,,,,,,,,,,,,,,,,,,,,,,,,,,,,,,,,,,,,,,530,688,"1,571",617,646,"4,261",,,,,,,,,,,,,,,,,,,0,"8,313"
Households - Rural (quintile 5),hhd-r5,,,,,,,,,,,,,,,,,,,,,,,,,,,,,,,,,,,,,,,,,,,,,,,,,,,,,,,,,,,,,,,,,,,,,,,,,,,,,,,,,,,610,752,"2,608","2,353","2,471","11,591",,,,,,,,,,,,,,,,,,,1,"20,387"
Households - Urban (quintile 1),hhd-u1,,,,,,,,,,,,,,,,,,,,,,,,,,,,,,,,,,,,,,,,,,,,,,,,,,,,,,,,,,,,,,,,,,,,,,,,,,,,,,,,,,,93,27,62,,,7,,,,,,,,,,,,,,,,,,,0,189
Households - Urban (quintile 2),hhd-u2,,,,,,,,,,,,,,,,,,,,,,,,,,,,,,,,,,,,,,,,,,,,,,,,,,,,,,,,,,,,,,,,,,,,,,,,,,,,,,,,,,,164,79,293,,,59,,,,,,,,,,,,,,,,,,,0,595
Households - Urban (quintile 3),hhd-u3,,,,,,,,,,,,,,,,,,,,,,,,,,,,,,,,,,,,,,,,,,,,,,,,,,,,,,,,,,,,,,,,,,,,,,,,,,,,,,,,,,,480,161,520,,,230,,,,,,,,,,,,,,,,,,,0,"1,390"
Households - Urban (quintile 4),hhd-u4,,,,,,,,,,,,,,,,,,,,,,,,,,,,,,,,,,,,,,,,,,,,,,,,,,,,,,,,,,,,,,,,,,,,,,,,,,,,,,,,,,,752,328,"2,511",,,"2,136",,,,,,,,,,,,,,,,,,,0,"5,728"
Households - Urban (quintile 5),hhd-u5,,,,,,,,,,,,,,,,,,,,,,,,,,,,,,,,,,,,,,,,,,,,,,,,,,,,,,,,,,,,,,,,,,,,,,,,,,,,,,,,,,,481,737,"10,051",,,"8,978",,,,,,,,,,,,,,,,,,,1,"20,249"
Government,gov,,,,,,,,,,,,,,,,,,,,,,,,,,,,,,,,,,,,,,,,,,,,,,,,,,,,,,,,,,,,,,,,,,,,,,,,,,,,,,,,,,,,,,,,529,2,8,22,53,135,0,2,9,25,201,,"6,070",308,2,396,"3,049",,,"2,090","12,902"
Taxes - Direct (personal or corporate),dtax,,,,,,,,,,,,,,,,,,,,,,,,,,,,,,,,,,,,,,,,,,,,,,,,,,,,,,,,,,,,,,,,,,,,,,,,,,,,,,,,,,,,,,,,"2,859",8,30,53,264,754,3,11,48,378,"1,662",,,,,,,,,,"6,070"
Taxes - Exports (products),etax,,,,,,,,,,,,,,,,,,,,,,,,,,,,,,,,,,,,,,,,,,,,,,,,,,,,,,,,48,0,207,53,,,,,,,,,,,,,,,,,,,,,,,,,,,,,,,,,,,,,,,,,,,,,,,,,308
Taxes - Factors,ftax,,,,,,,,,,,,,,,,,,,,,,,,,,,,,,,,,,,,,,,,,,,,,,,,,,,,,,,,,,,,,,,,,,,,,,,,,,,,,,,,,,,,,2,,,,,,,,,,,,,,,,,,,,,,,2
Taxes - Imports (products),mtax,,,,,,,,,,,,,,,,,,,,,,,,,,,,,,,,,,,,,,,,,0,1,0,0,0,,0,0,0,0,0,0,,0,0,0,0,28,169,4,21,7,23,6,43,80,12,,,,,,,,,,,,,,,,,,,,,,,,,,,,,,,,,,,,,,,,,396
"Taxes - Sales, excise and/or value-added (products)",stax,,,,,,,,,,,,,,,,,,,,,,,,,,,,,,,,,,,,,,,,,,,,,,,,,,,,,,,,,,311,453,55,28,14,80,3,2,149,22,27,6,222,428,344,99,356,11,13,38,216,79,76,20,,,,,,,,,,,,,,,,,,,,,,,,,,,"3,049"
Savings-investment,s-i,,,,,,,,,,,,,,,,,,,,,,,,,,,,,,,,,,,,,,,,,,,,,,,,,,,,,,,,,,,,,,,,,,,,,,,,,,,,,,,,,,,,,,,,"9,611",10,49,117,839,"2,553",8,58,183,"1,652","8,211","-8,348",,,,,,,,"-8,169","6,775"
Change in stocks,dstk,,,,,,,,,,,,,,,,,,,,,,,,,,,,,,,,,,,,,,,,,,,,,,,,,,,,,,,,,,,,,,,,,,,,,,,,,,,,,,,,,,,,,,,,,,,,,,,,,,,,,,,,,402,,,402
Rest of world,row,,,,,,,,,,,,,,,,,,,,,,,,,,,,,,,,,,,,,,,,,6,16,38,1,9,,26,1,14,51,5,12,,10,12,0,1,"2,963","6,788",482,571,160,"2,725",109,"4,076","6,665",364,,,"1,678",,"4,198",607,,214,,900,121,,,0,,,,161,,"3,486",333,2,14,27,84,219,0,3,12,42,352,440,,,,,,,,,"37,996"
Total,total,129,8,5,64,"2,562","3,949","1,589",51,"2,780","1,009",364,242,738,"1,174","3,009","2,449","38,565","4,165",96,155,324,157,61,186,497,155,"1,322",324,"6,739","10,678","8,823","2,359","5,395","3,408","3,450","9,733","7,642","2,830","2,046","1,495",63,25,44,18,"1,659",697,607,53,15,"1,357","1,057",287,311,979,391,"3,338","1,530","46,360","14,090",849,857,546,"3,224",185,"4,500","7,861",631,"1,404",350,"8,893","11,105","13,365","3,065","5,751","3,634","3,462","10,670","7,979","2,909","2,122","1,516","10,441","5,229","4,080","20,207","3,389","47,524","42,357","1,348","3,127","4,141","8,313","20,387",189,595,"1,390","5,728","20,249","12,902","6,070",308,2,396,"3,049","6,775",402,"37,996","565,076"
