Kode I-O,Nama Sektor,Kode sektor KSM,Klasifikasi Sektor Makro (KSM),KSM (17 Sektor),1,2,3,4,5,6,7,8,9,10,11,12,13,14,15,16,17,18,19,20,21,22,23,24,25,26,27,28,29,30,31,32,33,34,Households,Government,Investment,Exports,Imports,700,309
1,"Maiz, Pulses, Other Cereals",cmaiz,Food Crops,"Agriculture, Forestry and Fishery",0.0661,0,0,0,0,0,0,0,0,0,0,0,0,0.2765,0,0,0,0,0,0,0,0,0,0,0,0,0,0,0,0,0,0,0,0,6.5511,0,0,0.0739,-0.170046,6.797554,6.454954
2,Rice,crice,Food Crops,"Agriculture, Forestry and Fishery",0,0.0272,0,0,0,0,0,0,0,0,0,0,0,0.0487,0,0,0,0,0,0,0,0,0,0,0,0,0,0,0,0,0,0,0,0,0,0,0,0,-0.000279,0.075621,-0.000279
3,Oilseeds,coils,Plantation Crops,"Agriculture, Forestry and Fishery",0,0,45.4746,0,0,0,0,0.5491,0.4362,23.6257,0,0,0,178.6744,29.8376,22.9833,8.3815,0,0.3421,0,6.3742,0,0,0,27.9456,0,0,0,0,53.6999,4.2336,32.9183,13.1752,0,6.2525,0,0,5.3381,-1.653363,458.588537,9.937237
4,"Horticulture (Vegetables, Roots, fruits and nuts)",csugr,Horticultural Crops,"Agriculture, Forestry and Fishery",0,0,0,0,0,0,0,0.3599,0.188,12.187,0,0.0002,0.0067,0.1344,2.0306,0.2899,0.0138,0,0.0008,0.0016,0,0.0217,0.0015,0.0126,1.0389,0.0182,0.0095,0.0077,2.3249,5.6524,0.1139,13.5363,0.6199,0,88.6304,0,0,0,-0.142136,127.058764,88.488264
5,Sugarcane,csugr,Horticultural Crops,"Agriculture, Forestry and Fishery",0,0,0,0,0.0962,0,0,0.0134,0.006,0.1472,0,0,0,0.0013,0.0001,0,0,0,0,0,0,0,0,0,0.0001,0,0,0,0,0.0293,0,0,0,0,0.1737,0,0,0,-0.001084,0.466216,0.172616
6,"Coffee, tea and cocoa",ccoff,Plantation Crops,"Agriculture, Forestry and Fishery",0,0,0,0,0,12.2997,0,0,0,0,0,0,0,0.0015,0.0195,0,0.0005,0,0,0,0,0,0,0,0.0018,0,0,0,0,0,0.0001,0,0,0,0.8589,0,0,33.3028,-0.045415,46.439385,34.116285
7,Other crops,cocrp,Plantation & Other Crops,"Agriculture, Forestry and Fishery",0,0,0.0005,0,0.0016,0.4843,0.7899,0.0006,0.0048,0.159,0.9725,0.0003,0,0.0001,0.0006,0,0.3384,0,0.0031,0.1271,0,0,0.0025,0.0149,0.0009,0,0,0,0,0.0128,0.0003,0.0006,0.0005,0,0,0,0,0,-0.010742,2.904558,-0.010742
8,Cattle and raw milk,ccatt,Livestock,"Agriculture, Forestry and Fishery",0,0,0.0017,0,0.0026,0.224,0.0083,0.0161,0.0002,0,1.2386,0.0008,0,0.0024,0,0,0.0001,0,0,0,0,0,0,0,0.0015,0,0,0,0,0.7141,0.0036,0.0136,0.02,0,0.1099,0,0,0,-0.008287,2.349713,0.101613
9,Poultry and eggs,cpoul,Livestock,"Agriculture, Forestry and Fishery",0,0,0.0001,0,0.0021,0.6687,0.0014,0.008,0.1044,0.5855,0,0.0002,0,0.0034,0.0001,0,0.0001,0,0,0,0.0011,0,0,0,0.0216,0,0,0,0,0.0874,0.0055,0.1709,0.0062,0,1.756,0,0,0,-0.006143,3.416557,1.749857
10,Other livestock,coliv,Livestock,"Agriculture, Forestry and Fishery",0,0,0,0,0,0,0,0,0.2319,2.4672,0,0,0,0,0,0,0,0,0,0,0,0,0,0,0.0005,0,0,0,0,0,0,0,0,0,158.7292,0,0,0,-0.010031,161.441169,158.719169
11,Forestry,cfore,Forestry and Logging,"Agriculture, Forestry and Fishery",0,0,0,0,0,0.0023,0,0.0002,0,0.0025,31.099,0,0.2039,0,0,1.0814,0.0076,0.1743,0.0891,0.0678,0.0124,0,0,3.9149,0,0.0008,0,0,0.0011,0,0,0.0019,0.0058,0,1.0865,0,0,86.0128,-0.135151,123.637649,86.964149
12,Fisheries,cfish,Aquaculture and Fisheries,"Agriculture, Forestry and Fishery",0,0,0,0,0,0,0.0163,0,0.0086,0,0,29.7917,0,0.4148,0,0,0.0712,0,0,0,0.3915,0,0,0,0.8385,0,0,0,0,3.2037,2.4045,2.937,3.3212,0,9.5076,0,0,20.832,-0.159932,73.578668,30.179668
13,Mining,cmine,Mining and Quarrying,Mining and Quarrying,0,0,0,0,0,0,0,0,0,0,0.0102,0,0.8437,0,0,0.0003,0.0091,0.1641,4.1097,0.0069,0.0028,0.0035,0.0042,8.4041,0.0044,0.0004,0,0,0.0001,0.0017,0.0012,0.0005,0,0,0,0,0,27.045,-0.050004,40.563796,26.994996
14,Processed foods,cfood,Food Manufacturing,Manufacturing Industry,0,0,0,0,0,0,0.0006,0.0686,0.3156,4.2659,2.4336,0.001,0.1743,0.019,0.0396,0.0187,0.0058,0.6221,4.6727,1.5897,0.0155,0,0.0868,0,0.3057,0.3837,0.2073,0,0.1421,2.2386,0.1839,4.4193,0.2832,0,76.6671,0,0,102.7805,-0.083854,202.118246,179.363746
15,Beverage and tobacco,cbeve,Beverage and Tobacco Manufacturing,Manufacturing Industry,0,0,0,0,0,0.0066,0.0026,0.0001,0,0.0079,0.0108,0.0001,0.0029,0.0004,0.0366,0.0366,0.0053,0.0018,0.0086,0.0013,0.0001,0.0087,0.0578,0.0125,0.0129,0.1333,0.1461,0.0242,2.7804,0.1791,0.0231,0.3589,0.0291,0,31.9466,0,0,0,-0.014327,35.820173,31.932273
16,Wood and paper products,cwood,"Wood, Paper and Printing Industry",Manufacturing Industry,0,0,0,0,0,0.0022,0.0003,0,0.0001,0.0019,0.1197,0,0.0227,0,0.0017,0.3036,0.0016,0.0384,0.2271,0.3404,0.0174,0.005,0.015,17.6045,0.003,0.3058,0.245,0.288,1.5428,1.193,0.1643,0.2069,0.0066,0,3.3651,0,0,4.8237,-0.083547,30.776953,8.105253
17,Chemicals and petroleum,cchem,Chemical and Petroleum Manufacturing,Manufacturing Industry,0,0,0,0,0,0,0,0,0,0,0,0,0,0,0,0,0,0,0,0,0,0,0,0,0,0,0,0,0,0,0,0,0,0,54.3736,0,0,2.5537,-2.22111,54.70619,54.70619
18,Non-metal minerals,cnmet,Non-Metallic Mineral Products,Manufacturing Industry,0,0,0,0,0,0,0,0,0,0,0,0,0,0,0,0,0,0,0,0,0,0,0,0,0,0,0,0,0,0,0,0,0,0,2.3534,0,0,0,-0.00651,2.34689,2.34689
19,Metals and metal products,cmetl,Basic Metal Products,Manufacturing Industry,0,0,0,0,0,0,0,0,0,0,0,0,0,0,0,0,0,0,0,0,0,0,0,0,0,0,0,0,0,0,0,0,0,0,0.4246,0,0,18.3532,-0.043006,18.734794,18.734794
20,"Machinery, equipment and vehicles",cmach,Machinery and Equipment Manufacturing,Manufacturing Industry,0,0,0,0,0,0,0,0,0,0,0,0,0,0,0,0,0,0,0,0,0,0,0,0,0,0,0,0,0,0,0,0,0,0,11.6825,0,161.2766,0,-7.67171,165.28739,165.28739
21,"Other manufacturing include textile, clothing, and footware",coman,Other Manufacturing & Repair Services,Manufacturing Industry,0,0,0,0,0,0,0,0,0,0,0,0,0,0,0,0,0,0,0,0,0,0,0,0,0,0,0,0,0,0,0,0,0,0,25.6351,0,2.1144,0.0632,-0.796583,27.016117,27.016117
22,"Electricity, gas and steam",celec,Electricity and Gas Supply,Electricity and Gas Supply,0,0,0.0002,0,0,0.0211,0.0001,0.0008,0.0021,0.0558,0.3871,0.0015,0.3112,0.0005,0.0056,0.1358,0.007,0.2554,2.3259,0.3052,0.0099,18.507,0.3833,5.8709,0.0027,1.5296,0.5684,0.8044,2.126,4.6992,0.2233,0.992,0.0852,0,7.017,0,0,0,-0.146465,46.615435,6.870535
23,Water supply and sewage,cwatr,"Water Supply, Waste Management and Remediation","Water Supply, Waste Management and Remediation",0,0,0,0,0,0.0005,0,0.0012,0.0024,0.0749,0.0001,0,0.018,0.0002,0.0023,0.0004,0.0009,0.0244,1.1394,0.0698,0.0006,0.0498,5.0658,0.0843,0.0052,0.0707,0.0506,0.0236,2.0552,1.4518,0.0672,0.58,0.1161,0,5.6566,0,0,0,-0.040383,16.574317,5.616217
24,Construction,ccons,Construction,Construction,0,0,0,0,0,0.0254,0.0002,0.0001,0.0001,0.005,0.2669,0,0.0294,0,0,0.0002,0,0.0001,0.0006,0.0033,0,0.0022,0.0207,1.2685,0.0003,0.003,0.0375,0.8896,0.0446,0.2397,0.0086,0.0032,0.0009,0,12.8182,0,403.165,2.3357,-0.010505,421.158495,418.308395
25,Accommodation and food services,chotl,Accommodation and Food Service Activities,Accommodation and Food Service Activities,0,0,0.0002,0,0.0011,0.3008,0.0034,0.0052,0.0154,0.3266,3.7754,0.0049,0.2476,0.0011,0.0069,0.177,0.009,0.1085,0.5454,0.903,0.0147,0.1357,0.4179,13.8509,0.0111,0.4477,0.4986,0.6545,4.4251,22.8659,0.957,2.7984,0.1991,0,67.3886,0,0,0.7854,-0.375301,122.131999,67.798699
26,Information and communication,ccomm,Information and Communication,Information and Communication,0,0,0,0,0.0001,0.0162,0.0002,0,0.0009,0.0064,1.6708,0.0043,0.3308,0.001,0.0188,0.0972,0.008,0.0668,0.12,0.3319,0.0042,0.1357,0.1306,10.1382,0.0008,30.5213,4.9236,6.8221,41.3419,9.4296,0.3428,0.7635,0.0465,0,11.4794,0,0,0,-0.395469,118.396431,11.083931
27,Finance and insurance,cfsrv,Financial and Insurance Activities,Financial and Insurance Activities,0,0,0.0062,0,0.0103,7.7777,0.0697,0.0208,0.1065,1.1864,18.0951,0.037,2.3916,0.0041,0.0151,0.3183,0.0234,0.2357,1.2985,1.364,0.0208,1.8703,0.4189,20.1451,0.0176,1.6603,11.2382,7.1164,33.8468,3.5027,0.306,1.9341,0.272,0,0.5512,0,0,0.2926,-0.426253,116.083747,0.417547
28,Real estate activities,creal,Real Estate Activities,Real Estate Activities,0,0,0,0,0,0.0092,0,0,0.0001,0.003,0.0096,0,0.3743,0.0002,0.0003,0.0293,0.0043,0.0714,0.1269,0.0609,0.0044,0.0039,0.114,11.4408,0.0065,0.667,1.3774,1.525,7.7905,3.2749,0.611,0.673,0.2616,0,169.3029,0,0,0,-0.10484,197.64746,169.19806
29,Business services,cbsrv,Business and Professional Services,Business Services,0,0,0.0002,0,0.0043,0.1101,0.0182,0.0066,0.0406,0.904,26.5686,0.0089,4.439,0.0018,0.0164,0.6466,0.035,0.1691,1.4254,2.1125,0.0319,4.6139,1.8021,136.0594,0.0042,16.7288,27.6399,26.6279,90.2454,62.6443,3.9403,13.6546,0.1742,0,34.887,0,0,22.0907,-1.551792,476.514608,55.425908
30,Public administration,cpadm,"Public Administration, Defence and Social Security","Public Administration, Defence and Social Security",0,0,0.0001,0,0,0.2518,0.0028,0,0,0,0,0,0.1294,0.0001,0,0.0045,0.0061,0.0441,0.3398,0.186,0.0007,0.1619,0.8628,11.8923,0.0009,2.2347,0.653,7.2968,10.0826,0.4618,0.0518,0.5112,0.0041,0,0,284.1229,0,0,-0.134463,320.475537,283.988437
31,Education,ceduc,Education Services,Education Services,0,0,0,0,0,0,0,0,0,0,0,0,0.027,0,0,0.0165,0.0009,0.0047,0.0271,0.0893,0.0001,0.007,0.0184,0.39,0.0001,0.0339,1.7588,0.0076,2.1329,1.514,0.4058,0.3841,0.0082,0,15.4097,59.4472,0,0,-0.025177,81.664223,74.831723
32,Health and social work,cheal,Human Health and Social Work Activities,Human Health and Social Work Activities,0,0,0,0,0,0,0,0.0001,0.0004,0.0428,0,0.0185,0.164,0.0001,0.0003,0.0068,0.003,0.0104,0.008,0.3443,0.0027,0.0002,0.0332,0.2078,0.0005,0.0204,0.3507,0.4073,1.7293,2.1993,0.0541,1.0531,0.0374,0,0,124.5498,0,0,-0.024693,131.226107,124.525107
33,Other services,cosrv,Other Personal and Community Services,Other Services,0,0,0,0,0,0.0075,0.0022,0,0.0034,0.0019,0.8438,0.0254,0.0366,0,0.0002,0.0033,0.0016,0.0098,0.0298,0.0214,0.0007,0.0416,0.4852,12.0241,0.0109,3.5307,0.1821,0.7536,2.1423,1.8065,0.1836,0.5757,0.2545,0,13.1201,0,0,0.4415,-0.0849,36.5148,13.4767
34,Other economic sectors with unclear boundaries,coesub,Unclassified Economic Activities,Other Services,0,0,0,0,0,0,0,0,0,0,0,0,0,0,0,0,0,0,0,0,0,0,0,0,0,0,0,0,0,0,0,0,0,0,0,0,0,0,0,0,0
35,Factors - Labor - Low (not finished primary schooling),flab-n,,,0.2237,0.012,105.6684,37.8289,0.0949,4.4462,0.3298,0.4318,0.6872,43.1934,8.9832,12.8349,0.2798,0.9803,0.2022,0.0695,0.0039,0.0062,0.0229,0.0017,0.0235,1.2096,0.2387,16.8551,26.9591,2.1386,10.2544,4.6136,35.3372,5.3069,3.5426,1.7735,1.8479,0,,,,,,,
36,"Factors - Labor - Medium (finished primary, but not finished secondary schooling)",flab-p,,,0.0583,0.0031,27.5227,9.853,0.0247,1.1581,0.0859,0.0211,0.0336,2.1145,0.6592,0.9418,0.1908,0.5123,0.1057,0.0301,0.0007,0.0012,0.0044,0.0003,0.017,1.1132,0.1012,5.8581,14.4363,1.3693,1.1237,0.5243,4.9609,5.2713,3.5327,1.7686,0.6583,0,,,,,,,
37,Factors - Labor - High (finished secondary and/or tertiary schooling),flab-s,,,0.1388,0.0075,65.5449,23.4648,0.0589,2.7579,0.2046,0.0091,0.0144,0.9062,1.5014,2.1451,6.6648,3.4,0.7015,0.8281,0.051,0.0811,0.2997,0.0224,0.143,2.0342,0.6857,50.5396,84.7677,10.8535,8.7908,4.2746,48.8623,108.367,47.3574,23.7088,6.517,0,,,,,,,
38,Factors - Agricultural land,flnd,,,0.2021,0.0115,100.8441,83.9659,0.0833,10.4298,0.7515,0,0,0,0,0,0,0,0,0,0,0,0,0,0,0,0,0,0,0,0,0,0,0,0,0,0,0,,,,,,,
39,Factors - Capital,fcap,,,0.1554,0.0085,79.624,46.6884,0.0637,4.5079,0.3961,0.6672,1.0873,68.9648,22.2213,24.4824,22.6501,15.9201,2.4846,1.9863,0.1745,0.1237,0.6861,0.0351,0.3296,13.6869,4.8,94.3545,223.9028,37.6364,37.2883,132.8366,150.7822,17.6716,12.4298,24.9819,6.8232,0,,,,,,,
40,Taxes - Direct (personal or corporate),dtax,,,0,0,0,0,0,0,0,0,0,0,0,0,0,0,0,0,0,0,0,0,0,0,0,0,0,0,0,0,0,0,0,0,0,0,,,,,,,
41,Taxes - Factors,ftax,,,0,0,0.00%,0,0,0,0,0,0,0,0,0,0,0,0,0,0,0,0,0,0,0,0,0,0,0,0,0,0,0,0,0,0,0,,,,,,,
42,Taxes ,mtax,,,0,0,0,0,0,0,0,0,0,0,0,0,0,0,0,0,0,0,0,0,0,0,0,0,0,0,0,0,0,0,0,0,0,0,,,,,,,
43,Total Input,Total_Input,,,0.8444,0.0698,424.6877,201.8008,0.4439,45.5081,2.6842,2.18,3.2904,161.2355,120.8667,70.2993,39.5386,200.3988,35.5264,29.0637,9.1643,2.2134,17.853,7.9859,10.6828,43.6121,15.7462,420.9433,380.3021,110.288,107.344,195.4979,444.6965,317.7184,81.1479,130.7198,34.7741,0,,,,,,,
44,Import (transpose),import,,,0.170046,0.000279,1.653363,0.142136,0.001084,0.045415,0.010742,0.008287,0.006143,0.010031,0.135151,0.159932,0.050004,0.083854,0.014327,0.083547,2.22111,0.00651,0.043006,7.67171,0.796583,0.146465,0.040383,0.010505,0.375301,0.395469,0.426253,0.10484,1.551792,0.134463,0.025177,0.024693,0.0849,0,,,,,,,
45,Kompensasi Upah TK,upah,,,0.4208,0.0226,198.736,71.1467,0.1785,8.3622,0.6203,0.462,0.7352,46.2141,11.1438,15.9218,7.1354,4.8926,1.0094,0.9277,0.0556,0.0885,0.327,0.0244,0.1835,4.357,1.0256,73.2528,126.1631,14.3614,20.1689,9.4125,89.1604,118.9452,54.4327,27.2509,9.0232,0,,,,,,,
46,Surplus usaha bruto,surplus,,,0.3575,0.02,180.4681,130.6543,0.147,14.9377,1.1476,0.6672,1.0873,68.9648,22.2213,24.4824,22.6501,15.9201,2.4846,1.9863,0.1745,0.1237,0.6861,0.0351,0.3296,13.6869,4.8,94.3545,223.9028,37.6364,37.2883,132.8366,150.7822,17.6716,12.4298,24.9819,6.8232,0,,,,,,,
209,Total Input Primer,tip,,,0.7783,0.0426,379.2041,201.801,0.3255,23.2999,1.7679,1.1292,1.8225,115.1789,33.3651,40.4042,29.7855,20.8127,3.494,2.914,0.2301,0.2122,1.0131,0.0595,0.5131,18.0439,5.8256,167.6073,350.0659,51.9978,57.4572,142.2491,239.9426,136.6168,66.8625,52.2328,15.8464,0,,,,,,,
